타입,원본시퀀스길이,오류개수,실제맞춘개수,결과종류,예측시퀀스,정답시퀀스
m,5,0,2,31,31,31
m,5,0,3,13,13,13
m,5,0,4,6,6,6
m,5,0,5,2380,2380,2380
m,5,1,1,5,5,5
m,5,1,2,29,29,29
m,5,1,3,21,21,21
m,5,1,4,57,57,57
m,5,1,5,2379,2379,2379
m,5,2,1,37,37,37
m,5,2,2,92,92,92
m,5,2,3,93,93,93
m,5,2,4,110,110,110
m,5,2,5,2189,2189,2189
m,10,0,1,3,3,3
m,10,0,2,18,18,18
m,10,0,3,6,6,6
m,10,0,4,10,10,10
m,10,0,5,1,1,1
m,10,0,6,5,5,5
m,10,0,7,5,5,5
m,10,0,8,5,5,5
m,10,0,9,7,7,7
m,10,0,10,2488,2488,2488
m,10,1,1,6,6,6
m,10,1,2,11,11,11
m,10,1,3,12,12,12
m,10,1,4,8,8,8
m,10,1,5,3,3,3
m,10,1,6,5,5,5
m,10,1,7,8,8,8
m,10,1,8,13,13,13
m,10,1,9,28,28,28
m,10,1,10,2466,2466,2466
m,10,2,1,6,6,6
m,10,2,2,14,14,14
m,10,2,3,12,12,12
m,10,2,4,7,7,7
m,10,2,5,7,7,7
m,10,2,6,4,4,4
m,10,2,7,9,9,9
m,10,2,8,13,13,13
m,10,2,9,36,36,36
m,10,2,10,2338,2338,2338
m,10,3,1,6,6,6
m,10,3,2,16,16,16
m,10,3,3,22,22,22
m,10,3,4,16,16,16
m,10,3,5,14,14,14
m,10,3,6,18,18,18
m,10,3,7,14,14,14
m,10,3,8,24,24,24
m,10,3,9,59,59,59
m,10,3,10,2360,2360,2360
m,10,4,1,10,10,10
m,10,4,2,22,22,22
m,10,4,3,22,22,22
m,10,4,4,19,19,19
m,10,4,5,19,19,19
m,10,4,6,19,19,19
m,10,4,7,19,19,19
m,10,4,8,29,29,29
m,10,4,9,98,98,98
m,10,4,10,2232,2232,2232
m,15,0,1,1,1,1
m,15,0,2,3,3,3
m,15,0,3,13,13,13
m,15,0,4,12,12,12
m,15,0,5,7,7,7
m,15,0,6,12,12,12
m,15,0,7,7,7,7
m,15,0,8,6,6,6
m,15,0,9,6,6,6
m,15,0,10,6,6,6
m,15,0,11,6,6,6
m,15,0,12,3,3,3
m,15,0,13,8,8,8
m,15,0,14,9,9,9
m,15,0,15,2426,2426,2426
m,15,1,1,6,6,6
m,15,1,2,7,7,7
m,15,1,3,11,11,11
m,15,1,4,8,8,8
m,15,1,5,7,7,7
m,15,1,6,8,8,8
m,15,1,7,6,6,6
m,15,1,8,5,5,5
m,15,1,9,6,6,6
m,15,1,10,7,7,7
m,15,1,11,6,6,6
m,15,1,12,9,9,9
m,15,1,13,4,4,4
m,15,1,14,17,17,17
m,15,1,15,2494,2494,2494
m,15,2,1,6,6,6
m,15,2,2,5,5,5
m,15,2,3,20,20,20
m,15,2,4,9,9,9
m,15,2,5,8,8,8
m,15,2,6,6,6,6
m,15,2,7,6,6,6
m,15,2,8,8,8,8
m,15,2,9,11,11,11
m,15,2,10,11,11,11
m,15,2,11,8,8,8
m,15,2,12,14,14,14
m,15,2,13,8,8,8
m,15,2,14,33,33,33
m,15,2,15,2412,2412,2412
m,15,3,1,3,3,3
m,15,3,2,3,3,3
m,15,3,3,10,10,10
m,15,3,4,7,7,7
m,15,3,5,6,6,6
m,15,3,6,6,6,6
m,15,3,7,10,10,10
m,15,3,8,7,7,7
m,15,3,9,6,6,6
m,15,3,10,8,8,8
m,15,3,11,12,12,12
m,15,3,12,11,11,11
m,15,3,13,12,12,12
m,15,3,14,45,45,45
m,15,3,15,2279,2279,2279
m,15,4,1,2,2,2
m,15,4,2,7,7,7
m,15,4,3,17,17,17
m,15,4,4,4,4,4
m,15,4,5,10,10,10
m,15,4,6,11,11,11
m,15,4,7,13,13,13
m,15,4,8,8,8,8
m,15,4,9,7,7,7
m,15,4,10,14,14,14
m,15,4,11,4,4,4
m,15,4,12,11,11,11
m,15,4,13,8,8,8
m,15,4,14,71,71,71
m,15,4,15,2288,2288,2288
m,15,5,1,2,2,2
m,15,5,2,6,6,6
m,15,5,3,18,18,18
m,15,5,4,11,11,11
m,15,5,5,1,1,1
m,15,5,6,7,7,7
m,15,5,7,10,10,10
m,15,5,8,12,12,12
m,15,5,9,6,6,6
m,15,5,10,11,11,11
m,15,5,11,15,15,15
m,15,5,12,16,16,16
m,15,5,13,14,14,14
m,15,5,14,77,77,77
m,15,5,15,2317,2317,2317
m,15,6,1,6,6,6
m,15,6,2,12,12,12
m,15,6,3,19,19,19
m,15,6,4,14,14,14
m,15,6,5,13,13,13
m,15,6,6,9,9,9
m,15,6,7,10,10,10
m,15,6,8,9,9,9
m,15,6,9,8,8,8
m,15,6,10,13,13,13
m,15,6,11,15,15,15
m,15,6,12,14,14,14
m,15,6,13,22,22,22
m,15,6,14,66,66,66
m,15,6,15,2251,2251,2251
m,20,0,1,6,6,6
m,20,0,3,12,12,12
m,20,0,4,5,5,5
m,20,0,5,7,7,7
m,20,0,6,6,6,6
m,20,0,7,9,9,9
m,20,0,8,13,13,13
m,20,0,9,4,4,4
m,20,0,10,6,6,6
m,20,0,11,8,8,8
m,20,0,12,3,3,3
m,20,0,13,9,9,9
m,20,0,14,4,4,4
m,20,0,15,5,5,5
m,20,0,16,3,3,3
m,20,0,17,3,3,3
m,20,0,18,6,6,6
m,20,0,19,6,6,6
m,20,0,20,2379,2379,2379
m,20,1,1,6,6,6
m,20,1,3,10,10,10
m,20,1,4,7,7,7
m,20,1,5,4,4,4
m,20,1,6,9,9,9
m,20,1,7,6,6,6
m,20,1,8,11,11,11
m,20,1,9,5,5,5
m,20,1,10,5,5,5
m,20,1,11,5,5,5
m,20,1,12,4,4,4
m,20,1,13,3,3,3
m,20,1,14,8,8,8
m,20,1,15,11,11,11
m,20,1,16,5,5,5
m,20,1,17,5,5,5
m,20,1,18,6,6,6
m,20,1,19,17,17,17
m,20,1,20,2477,2477,2477
m,20,2,1,5,5,5
m,20,2,2,1,1,1
m,20,2,3,11,11,11
m,20,2,4,7,7,7
m,20,2,5,3,3,3
m,20,2,6,7,7,7
m,20,2,7,10,10,10
m,20,2,8,10,10,10
m,20,2,9,3,3,3
m,20,2,10,6,6,6
m,20,2,11,10,10,10
m,20,2,12,3,3,3
m,20,2,13,8,8,8
m,20,2,14,5,5,5
m,20,2,15,5,5,5
m,20,2,16,8,8,8
m,20,2,17,5,5,5
m,20,2,18,4,4,4
m,20,2,19,35,35,35
m,20,2,20,2394,2394,2394
m,20,3,1,3,3,3
m,20,3,2,2,2,2
m,20,3,3,10,10,10
m,20,3,4,11,11,11
m,20,3,5,2,2,2
m,20,3,6,5,5,5
m,20,3,7,9,9,9
m,20,3,8,17,17,17
m,20,3,9,6,6,6
m,20,3,10,4,4,4
m,20,3,11,7,7,7
m,20,3,12,8,8,8
m,20,3,13,8,8,8
m,20,3,14,3,3,3
m,20,3,15,8,8,8
m,20,3,16,5,5,5
m,20,3,17,6,6,6
m,20,3,18,7,7,7
m,20,3,19,36,36,36
m,20,3,20,2272,2272,2272
m,20,4,1,3,3,3
m,20,4,2,3,3,3
m,20,4,3,10,10,10
m,20,4,4,16,16,16
m,20,4,5,4,4,4
m,20,4,6,6,6,6
m,20,4,7,16,16,16
m,20,4,8,18,18,18
m,20,4,9,10,10,10
m,20,4,10,5,5,5
m,20,4,11,10,10,10
m,20,4,12,6,6,6
m,20,4,13,11,11,11
m,20,4,14,5,5,5
m,20,4,15,11,11,11
m,20,4,16,12,12,12
m,20,4,17,8,8,8
m,20,4,18,15,15,15
m,20,4,19,42,42,42
m,20,4,20,2329,2329,2329
m,20,5,1,2,2,2
m,20,5,2,2,2,2
m,20,5,3,6,6,6
m,20,5,4,11,11,11
m,20,5,5,6,6,6
m,20,5,6,11,11,11
m,20,5,7,8,8,8
m,20,5,8,6,6,6
m,20,5,9,6,6,6
m,20,5,10,8,8,8
m,20,5,11,9,9,9
m,20,5,12,6,6,6
m,20,5,13,9,9,9
m,20,5,14,12,12,12
m,20,5,15,6,6,6
m,20,5,16,8,8,8
m,20,5,17,9,9,9
m,20,5,18,10,10,10
m,20,5,19,56,56,56
m,20,5,20,2263,2263,2263
m,20,6,1,3,3,3
m,20,6,2,6,6,6
m,20,6,3,15,15,15
m,20,6,4,7,7,7
m,20,6,5,12,12,12
m,20,6,6,9,9,9
m,20,6,7,8,8,8
m,20,6,8,10,10,10
m,20,6,9,4,4,4
m,20,6,10,5,5,5
m,20,6,11,5,5,5
m,20,6,12,9,9,9
m,20,6,13,7,7,7
m,20,6,14,6,6,6
m,20,6,15,7,7,7
m,20,6,16,12,12,12
m,20,6,17,8,8,8
m,20,6,18,16,16,16
m,20,6,19,50,50,50
m,20,6,20,2238,2238,2238
m,20,7,1,3,3,3
m,20,7,2,11,11,11
m,20,7,3,12,12,12
m,20,7,4,14,14,14
m,20,7,5,11,11,11
m,20,7,6,12,12,12
m,20,7,7,9,9,9
m,20,7,8,8,8,8
m,20,7,9,7,7,7
m,20,7,10,8,8,8
m,20,7,11,8,8,8
m,20,7,12,9,9,9
m,20,7,13,11,11,11
m,20,7,14,11,11,11
m,20,7,15,10,10,10
m,20,7,16,9,9,9
m,20,7,17,14,14,14
m,20,7,18,17,17,17
m,20,7,19,77,77,77
m,20,7,20,2310,2310,2310
m,20,8,1,5,5,5
m,20,8,2,3,3,3
m,20,8,3,16,16,16
m,20,8,4,14,14,14
m,20,8,5,13,13,13
m,20,8,6,12,12,12
m,20,8,7,10,10,10
m,20,8,8,12,12,12
m,20,8,9,6,6,6
m,20,8,10,8,8,8
m,20,8,11,13,13,13
m,20,8,12,6,6,6
m,20,8,13,11,11,11
m,20,8,14,10,10,10
m,20,8,15,17,17,17
m,20,8,16,13,13,13
m,20,8,17,16,16,16
m,20,8,18,23,23,23
m,20,8,19,78,78,78
m,20,8,20,2213,2213,2213
m,25,0,1,5,5,5
m,25,0,3,10,10,10
m,25,0,4,8,8,8
m,25,0,5,5,5,5
m,25,0,6,3,3,3
m,25,0,7,9,9,9
m,25,0,8,5,5,5
m,25,0,9,8,8,8
m,25,0,10,5,5,5
m,25,0,11,5,5,5
m,25,0,12,2,2,2
m,25,0,13,10,10,10
m,25,0,14,10,10,10
m,25,0,15,4,4,4
m,25,0,16,8,8,8
m,25,0,17,9,9,9
m,25,0,18,6,6,6
m,25,0,19,4,4,4
m,25,0,20,6,6,6
m,25,0,21,6,6,6
m,25,0,22,5,5,5
m,25,0,23,6,6,6
m,25,0,24,3,3,3
m,25,0,25,2299,2299,2299
m,25,1,1,5,5,5
m,25,1,2,2,2,2
m,25,1,3,10,10,10
m,25,1,4,14,14,14
m,25,1,5,5,5,5
m,25,1,6,2,2,2
m,25,1,7,5,5,5
m,25,1,8,9,9,9
m,25,1,9,5,5,5
m,25,1,10,4,4,4
m,25,1,11,3,3,3
m,25,1,12,6,6,6
m,25,1,13,12,12,12
m,25,1,14,11,11,11
m,25,1,15,13,13,13
m,25,1,16,4,4,4
m,25,1,17,9,9,9
m,25,1,18,4,4,4
m,25,1,19,6,6,6
m,25,1,20,9,9,9
m,25,1,21,3,3,3
m,25,1,22,4,4,4
m,25,1,23,5,5,5
m,25,1,24,14,14,14
m,25,1,25,2294,2294,2294
m,25,2,1,3,3,3
m,25,2,2,2,2,2
m,25,2,3,9,9,9
m,25,2,4,14,14,14
m,25,2,5,8,8,8
m,25,2,6,4,4,4
m,25,2,7,5,5,5
m,25,2,8,10,10,10
m,25,2,9,8,8,8
m,25,2,10,3,3,3
m,25,2,11,9,9,9
m,25,2,12,4,4,4
m,25,2,13,11,11,11
m,25,2,14,6,6,6
m,25,2,15,7,7,7
m,25,2,16,5,5,5
m,25,2,17,8,8,8
m,25,2,18,7,7,7
m,25,2,19,7,7,7
m,25,2,20,7,7,7
m,25,2,21,7,7,7
m,25,2,22,6,6,6
m,25,2,23,3,3,3
m,25,2,24,29,29,29
m,25,2,25,2275,2275,2275
m,25,3,1,3,3,3
m,25,3,2,3,3,3
m,25,3,3,12,12,12
m,25,3,4,5,5,5
m,25,3,5,3,3,3
m,25,3,6,7,7,7
m,25,3,7,9,9,9
m,25,3,8,9,9,9
m,25,3,9,8,8,8
m,25,3,10,7,7,7
m,25,3,11,9,9,9
m,25,3,12,7,7,7
m,25,3,13,7,7,7
m,25,3,14,5,5,5
m,25,3,15,12,12,12
m,25,3,16,9,9,9
m,25,3,17,7,7,7
m,25,3,18,14,14,14
m,25,3,19,6,6,6
m,25,3,20,12,12,12
m,25,3,21,5,5,5
m,25,3,22,6,6,6
m,25,3,23,10,10,10
m,25,3,24,44,44,44
m,25,3,25,2390,2390,2390
m,25,4,1,1,1,1
m,25,4,2,2,2,2
m,25,4,3,15,15,15
m,25,4,4,11,11,11
m,25,4,5,6,6,6
m,25,4,6,5,5,5
m,25,4,7,6,6,6
m,25,4,8,10,10,10
m,25,4,9,9,9,9
m,25,4,10,12,12,12
m,25,4,11,8,8,8
m,25,4,12,3,3,3
m,25,4,13,10,10,10
m,25,4,14,7,7,7
m,25,4,15,3,3,3
m,25,4,16,3,3,3
m,25,4,17,7,7,7
m,25,4,18,5,5,5
m,25,4,19,7,7,7
m,25,4,20,8,8,8
m,25,4,21,7,7,7
m,25,4,22,10,10,10
m,25,4,23,11,11,11
m,25,4,24,39,39,39
m,25,4,25,2272,2272,2272
m,25,5,1,6,6,6
m,25,5,2,3,3,3
m,25,5,3,14,14,14
m,25,5,4,14,14,14
m,25,5,5,10,10,10
m,25,5,6,1,1,1
m,25,5,7,4,4,4
m,25,5,8,5,5,5
m,25,5,9,7,7,7
m,25,5,10,4,4,4
m,25,5,11,6,6,6
m,25,5,12,9,9,9
m,25,5,13,13,13,13
m,25,5,14,6,6,6
m,25,5,15,6,6,6
m,25,5,16,4,4,4
m,25,5,17,6,6,6
m,25,5,18,2,2,2
m,25,5,19,4,4,4
m,25,5,20,5,5,5
m,25,5,21,9,9,9
m,25,5,22,8,8,8
m,25,5,23,20,20,20
m,25,5,24,62,62,62
m,25,5,25,2330,2330,2330
m,25,6,1,3,3,3
m,25,6,2,2,2,2
m,25,6,3,14,14,14
m,25,6,4,9,9,9
m,25,6,5,5,5,5
m,25,6,6,6,6,6
m,25,6,7,5,5,5
m,25,6,8,11,11,11
m,25,6,9,9,9,9
m,25,6,10,6,6,6
m,25,6,11,7,7,7
m,25,6,12,7,7,7
m,25,6,13,10,10,10
m,25,6,14,5,5,5
m,25,6,15,5,5,5
m,25,6,16,8,8,8
m,25,6,17,13,13,13
m,25,6,18,5,5,5
m,25,6,19,8,8,8
m,25,6,20,6,6,6
m,25,6,21,9,9,9
m,25,6,22,10,10,10
m,25,6,23,11,11,11
m,25,6,24,68,68,68
m,25,6,25,2214,2214,2214
m,25,7,1,1,1,1
m,25,7,2,6,6,6
m,25,7,3,19,19,19
m,25,7,4,12,12,12
m,25,7,5,8,8,8
m,25,7,6,4,4,4
m,25,7,7,8,8,8
m,25,7,8,11,11,11
m,25,7,9,8,8,8
m,25,7,10,5,5,5
m,25,7,11,6,6,6
m,25,7,12,5,5,5
m,25,7,13,14,14,14
m,25,7,14,9,9,9
m,25,7,15,5,5,5
m,25,7,16,9,9,9
m,25,7,17,5,5,5
m,25,7,18,9,9,9
m,25,7,19,6,6,6
m,25,7,20,8,8,8
m,25,7,21,3,3,3
m,25,7,22,10,10,10
m,25,7,23,20,20,20
m,25,7,24,80,80,80
m,25,7,25,2299,2299,2299
m,25,8,2,5,5,5
m,25,8,3,14,14,14
m,25,8,4,8,8,8
m,25,8,5,7,7,7
m,25,8,6,4,4,4
m,25,8,7,1,1,1
m,25,8,8,7,7,7
m,25,8,9,7,7,7
m,25,8,10,9,9,9
m,25,8,11,8,8,8
m,25,8,12,8,8,8
m,25,8,13,6,6,6
m,25,8,14,12,12,12
m,25,8,15,6,6,6
m,25,8,16,8,8,8
m,25,8,17,8,8,8
m,25,8,18,9,9,9
m,25,8,19,6,6,6
m,25,8,20,14,14,14
m,25,8,21,11,11,11
m,25,8,22,9,9,9
m,25,8,23,22,22,22
m,25,8,24,73,73,73
m,25,8,25,2246,2246,2246
m,25,9,1,2,2,2
m,25,9,2,7,7,7
m,25,9,3,14,14,14
m,25,9,4,13,13,13
m,25,9,5,8,8,8
m,25,9,6,5,5,5
m,25,9,7,6,6,6
m,25,9,8,8,8,8
m,25,9,9,8,8,8
m,25,9,10,10,10,10
m,25,9,11,5,5,5
m,25,9,12,4,4,4
m,25,9,13,9,9,9
m,25,9,14,4,4,4
m,25,9,15,3,3,3
m,25,9,16,7,7,7
m,25,9,17,11,11,11
m,25,9,18,10,10,10
m,25,9,19,6,6,6
m,25,9,20,15,15,15
m,25,9,21,10,10,10
m,25,9,22,8,8,8
m,25,9,23,16,16,16
m,25,9,24,96,96,96
m,25,9,25,2103,2103,2103
m,25,10,1,3,3,3
m,25,10,2,5,5,5
m,25,10,3,28,28,28
m,25,10,4,12,12,12
m,25,10,5,10,10,10
m,25,10,6,9,9,9
m,25,10,7,6,6,6
m,25,10,8,8,8,8
m,25,10,9,8,8,8
m,25,10,10,11,11,11
m,25,10,11,7,7,7
m,25,10,12,7,7,7
m,25,10,13,13,13,13
m,25,10,14,7,7,7
m,25,10,15,12,12,12
m,25,10,16,9,9,9
m,25,10,17,10,10,10
m,25,10,18,11,11,11
m,25,10,19,7,7,7
m,25,10,20,13,13,13
m,25,10,21,8,8,8
m,25,10,22,19,19,19
m,25,10,23,30,30,30
m,25,10,24,113,113,113
m,25,10,25,2102,2102,2102
m,30,0,1,9,9,9
m,30,0,2,1,1,1
m,30,0,3,3,3,3
m,30,0,4,15,15,15
m,30,0,5,6,6,6
m,30,0,6,4,4,4
m,30,0,7,3,3,3
m,30,0,8,11,11,11
m,30,0,9,7,7,7
m,30,0,10,1,1,1
m,30,0,11,6,6,6
m,30,0,12,8,8,8
m,30,0,13,12,12,12
m,30,0,14,12,12,12
m,30,0,15,2,2,2
m,30,0,16,8,8,8
m,30,0,17,3,3,3
m,30,0,18,2,2,2
m,30,0,19,4,4,4
m,30,0,20,9,9,9
m,30,0,21,2,2,2
m,30,0,22,11,11,11
m,30,0,23,3,3,3
m,30,0,24,10,10,10
m,30,0,25,12,12,12
m,30,0,26,4,4,4
m,30,0,27,7,7,7
m,30,0,28,8,8,8
m,30,0,29,5,5,5
m,30,0,30,2269,2269,2269
m,30,1,1,5,5,5
m,30,1,2,1,1,1
m,30,1,3,7,7,7
m,30,1,4,12,12,12
m,30,1,5,3,3,3
m,30,1,6,3,3,3
m,30,1,7,3,3,3
m,30,1,8,14,14,14
m,30,1,9,3,3,3
m,30,1,10,7,7,7
m,30,1,11,1,1,1
m,30,1,12,8,8,8
m,30,1,13,7,7,7
m,30,1,14,9,9,9
m,30,1,15,6,6,6
m,30,1,16,5,5,5
m,30,1,17,4,4,4
m,30,1,18,3,3,3
m,30,1,19,5,5,5
m,30,1,20,5,5,5
m,30,1,22,8,8,8
m,30,1,23,7,7,7
m,30,1,24,12,12,12
m,30,1,25,9,9,9
m,30,1,26,6,6,6
m,30,1,27,5,5,5
m,30,1,28,4,4,4
m,30,1,29,15,15,15
m,30,1,30,2310,2310,2310
m,30,2,1,3,3,3
m,30,2,2,4,4,4
m,30,2,3,4,4,4
m,30,2,4,14,14,14
m,30,2,5,4,4,4
m,30,2,6,2,2,2
m,30,2,7,4,4,4
m,30,2,8,11,11,11
m,30,2,9,10,10,10
m,30,2,10,6,6,6
m,30,2,11,6,6,6
m,30,2,12,4,4,4
m,30,2,13,11,11,11
m,30,2,14,8,8,8
m,30,2,15,5,5,5
m,30,2,16,8,8,8
m,30,2,17,6,6,6
m,30,2,18,6,6,6
m,30,2,19,6,6,6
m,30,2,20,6,6,6
m,30,2,21,5,5,5
m,30,2,22,8,8,8
m,30,2,23,7,7,7
m,30,2,24,5,5,5
m,30,2,25,11,11,11
m,30,2,26,6,6,6
m,30,2,27,6,6,6
m,30,2,28,8,8,8
m,30,2,29,22,22,22
m,30,2,30,2280,2280,2280
m,30,3,1,2,2,2
m,30,3,2,3,3,3
m,30,3,3,4,4,4
m,30,3,4,11,11,11
m,30,3,5,8,8,8
m,30,3,6,3,3,3
m,30,3,7,9,9,9
m,30,3,8,8,8,8
m,30,3,9,7,7,7
m,30,3,10,5,5,5
m,30,3,11,4,4,4
m,30,3,12,9,9,9
m,30,3,13,11,11,11
m,30,3,14,8,8,8
m,30,3,15,7,7,7
m,30,3,16,9,9,9
m,30,3,17,10,10,10
m,30,3,18,4,4,4
m,30,3,19,6,6,6
m,30,3,20,3,3,3
m,30,3,21,5,5,5
m,30,3,22,8,8,8
m,30,3,23,6,6,6
m,30,3,24,5,5,5
m,30,3,25,12,12,12
m,30,3,26,4,4,4
m,30,3,27,8,8,8
m,30,3,28,10,10,10
m,30,3,29,21,21,21
m,30,3,30,2295,2295,2295
m,30,4,1,6,6,6
m,30,4,2,3,3,3
m,30,4,3,6,6,6
m,30,4,4,7,7,7
m,30,4,5,3,3,3
m,30,4,6,7,7,7
m,30,4,7,6,6,6
m,30,4,8,10,10,10
m,30,4,9,8,8,8
m,30,4,10,9,9,9
m,30,4,11,8,8,8
m,30,4,12,7,7,7
m,30,4,13,7,7,7
m,30,4,14,4,4,4
m,30,4,15,1,1,1
m,30,4,16,5,5,5
m,30,4,17,6,6,6
m,30,4,18,8,8,8
m,30,4,19,6,6,6
m,30,4,20,6,6,6
m,30,4,21,8,8,8
m,30,4,22,14,14,14
m,30,4,23,5,5,5
m,30,4,24,4,4,4
m,30,4,25,9,9,9
m,30,4,26,12,12,12
m,30,4,27,3,3,3
m,30,4,28,5,5,5
m,30,4,29,35,35,35
m,30,4,30,2373,2373,2373
m,30,5,1,1,1,1
m,30,5,2,3,3,3
m,30,5,3,6,6,6
m,30,5,4,5,5,5
m,30,5,5,6,6,6
m,30,5,6,4,4,4
m,30,5,7,6,6,6
m,30,5,8,16,16,16
m,30,5,9,6,6,6
m,30,5,10,6,6,6
m,30,5,11,9,9,9
m,30,5,12,4,4,4
m,30,5,13,10,10,10
m,30,5,14,6,6,6
m,30,5,15,13,13,13
m,30,5,16,10,10,10
m,30,5,17,6,6,6
m,30,5,18,7,7,7
m,30,5,19,7,7,7
m,30,5,20,9,9,9
m,30,5,21,8,8,8
m,30,5,22,7,7,7
m,30,5,23,8,8,8
m,30,5,24,2,2,2
m,30,5,25,8,8,8
m,30,5,26,5,5,5
m,30,5,27,3,3,3
m,30,5,28,12,12,12
m,30,5,29,42,42,42
m,30,5,30,2258,2258,2258
m,30,6,1,5,5,5
m,30,6,2,2,2,2
m,30,6,3,10,10,10
m,30,6,4,15,15,15
m,30,6,5,6,6,6
m,30,6,6,2,2,2
m,30,6,7,6,6,6
m,30,6,8,12,12,12
m,30,6,9,11,11,11
m,30,6,10,4,4,4
m,30,6,11,7,7,7
m,30,6,12,6,6,6
m,30,6,13,9,9,9
m,30,6,14,7,7,7
m,30,6,15,7,7,7
m,30,6,16,5,5,5
m,30,6,17,5,5,5
m,30,6,18,6,6,6
m,30,6,19,7,7,7
m,30,6,20,3,3,3
m,30,6,21,9,9,9
m,30,6,22,10,10,10
m,30,6,23,10,10,10
m,30,6,24,6,6,6
m,30,6,25,10,10,10
m,30,6,26,12,12,12
m,30,6,27,9,9,9
m,30,6,28,18,18,18
m,30,6,29,49,49,49
m,30,6,30,2219,2219,2219
m,30,7,1,3,3,3
m,30,7,2,3,3,3
m,30,7,3,7,7,7
m,30,7,4,10,10,10
m,30,7,5,6,6,6
m,30,7,6,7,7,7
m,30,7,7,4,4,4
m,30,7,8,9,9,9
m,30,7,9,7,7,7
m,30,7,10,3,3,3
m,30,7,11,7,7,7
m,30,7,12,7,7,7
m,30,7,13,9,9,9
m,30,7,14,8,8,8
m,30,7,15,8,8,8
m,30,7,16,3,3,3
m,30,7,17,3,3,3
m,30,7,18,5,5,5
m,30,7,19,5,5,5
m,30,7,20,3,3,3
m,30,7,21,8,8,8
m,30,7,22,5,5,5
m,30,7,23,4,4,4
m,30,7,24,4,4,4
m,30,7,25,7,7,7
m,30,7,26,9,9,9
m,30,7,27,10,10,10
m,30,7,28,17,17,17
m,30,7,29,67,67,67
m,30,7,30,2215,2215,2215
m,30,8,1,2,2,2
m,30,8,2,4,4,4
m,30,8,3,15,15,15
m,30,8,4,13,13,13
m,30,8,5,5,5,5
m,30,8,6,5,5,5
m,30,8,7,1,1,1
m,30,8,8,9,9,9
m,30,8,9,10,10,10
m,30,8,10,8,8,8
m,30,8,11,9,9,9
m,30,8,12,4,4,4
m,30,8,13,7,7,7
m,30,8,14,4,4,4
m,30,8,15,9,9,9
m,30,8,16,5,5,5
m,30,8,17,7,7,7
m,30,8,18,9,9,9
m,30,8,19,5,5,5
m,30,8,20,6,6,6
m,30,8,21,5,5,5
m,30,8,22,8,8,8
m,30,8,23,3,3,3
m,30,8,24,7,7,7
m,30,8,25,10,10,10
m,30,8,26,8,8,8
m,30,8,27,11,11,11
m,30,8,28,14,14,14
m,30,8,29,74,74,74
m,30,8,30,2276,2276,2276
m,30,9,1,2,2,2
m,30,9,2,5,5,5
m,30,9,3,7,7,7
m,30,9,4,8,8,8
m,30,9,5,3,3,3
m,30,9,6,4,4,4
m,30,9,7,7,7,7
m,30,9,8,7,7,7
m,30,9,9,11,11,11
m,30,9,10,3,3,3
m,30,9,11,8,8,8
m,30,9,12,13,13,13
m,30,9,13,5,5,5
m,30,9,14,9,9,9
m,30,9,15,7,7,7
m,30,9,16,5,5,5
m,30,9,17,9,9,9
m,30,9,18,7,7,7
m,30,9,19,5,5,5
m,30,9,21,3,3,3
m,30,9,22,4,4,4
m,30,9,23,7,7,7
m,30,9,24,11,11,11
m,30,9,25,14,14,14
m,30,9,26,9,9,9
m,30,9,27,14,14,14
m,30,9,28,17,17,17
m,30,9,29,69,69,69
m,30,9,30,2183,2183,2183
m,30,10,1,2,2,2
m,30,10,2,6,6,6
m,30,10,3,8,8,8
m,30,10,4,14,14,14
m,30,10,5,7,7,7
m,30,10,6,5,5,5
m,30,10,7,7,7,7
m,30,10,8,9,9,9
m,30,10,9,6,6,6
m,30,10,10,6,6,6
m,30,10,11,7,7,7
m,30,10,12,5,5,5
m,30,10,13,9,9,9
m,30,10,14,7,7,7
m,30,10,15,12,12,12
m,30,10,16,4,4,4
m,30,10,17,7,7,7
m,30,10,18,6,6,6
m,30,10,19,15,15,15
m,30,10,20,2,2,2
m,30,10,21,4,4,4
m,30,10,22,8,8,8
m,30,10,23,5,5,5
m,30,10,24,6,6,6
m,30,10,25,7,7,7
m,30,10,26,11,11,11
m,30,10,27,14,14,14
m,30,10,28,17,17,17
m,30,10,29,95,95,95
m,30,10,30,2207,2207,2207
m,30,11,1,9,9,9
m,30,11,2,4,4,4
m,30,11,3,12,12,12
m,30,11,4,18,18,18
m,30,11,5,10,10,10
m,30,11,6,5,5,5
m,30,11,7,7,7,7
m,30,11,8,6,6,6
m,30,11,9,7,7,7
m,30,11,10,4,4,4
m,30,11,11,5,5,5
m,30,11,12,6,6,6
m,30,11,13,5,5,5
m,30,11,14,10,10,10
m,30,11,15,6,6,6
m,30,11,16,11,11,11
m,30,11,17,14,14,14
m,30,11,18,3,3,3
m,30,11,19,4,4,4
m,30,11,20,10,10,10
m,30,11,21,10,10,10
m,30,11,22,5,5,5
m,30,11,23,5,5,5
m,30,11,24,5,5,5
m,30,11,25,13,13,13
m,30,11,26,10,10,10
m,30,11,27,11,11,11
m,30,11,28,16,16,16
m,30,11,29,118,118,118
m,30,11,30,2152,2152,2152
m,30,12,1,9,9,9
m,30,12,2,10,10,10
m,30,12,3,15,15,15
m,30,12,4,24,24,24
m,30,12,5,9,9,9
m,30,12,6,7,7,7
m,30,12,7,7,7,7
m,30,12,8,10,10,10
m,30,12,9,12,12,12
m,30,12,10,8,8,8
m,30,12,11,11,11,11
m,30,12,12,13,13,13
m,30,12,13,9,9,9
m,30,12,14,9,9,9
m,30,12,15,8,8,8
m,30,12,16,7,7,7
m,30,12,17,4,4,4
m,30,12,18,8,8,8
m,30,12,19,10,10,10
m,30,12,20,7,7,7
m,30,12,21,6,6,6
m,30,12,22,13,13,13
m,30,12,23,10,10,10
m,30,12,24,6,6,6
m,30,12,25,8,8,8
m,30,12,26,7,7,7
m,30,12,27,14,14,14
m,30,12,28,26,26,26
m,30,12,29,107,107,107
m,30,12,30,2149,2149,2149
m,35,0,2,5,5,5
m,35,0,3,1,1,1
m,35,0,4,10,10,10
m,35,0,5,6,6,6
m,35,0,8,5,5,5
m,35,0,9,14,14,14
m,35,0,10,5,5,5
m,35,0,11,8,8,8
m,35,0,12,6,6,6
m,35,0,13,8,8,8
m,35,0,14,5,5,5
m,35,0,15,6,6,6
m,35,0,16,12,12,12
m,35,0,17,13,13,13
m,35,0,18,3,3,3
m,35,0,19,10,10,10
m,35,0,20,4,4,4
m,35,0,21,2,2,2
m,35,0,22,10,10,10
m,35,0,23,2,2,2
m,35,0,24,7,7,7
m,35,0,25,3,3,3
m,35,0,26,6,6,6
m,35,0,27,8,8,8
m,35,0,28,10,10,10
m,35,0,29,6,6,6
m,35,0,30,7,7,7
m,35,0,31,3,3,3
m,35,0,32,13,13,13
m,35,0,33,6,6,6
m,35,0,34,7,7,7
m,35,0,35,2235,2235,2235
m,35,1,2,6,6,6
m,35,1,3,3,3,3
m,35,1,4,8,8,8
m,35,1,5,7,7,7
m,35,1,6,3,3,3
m,35,1,7,8,8,8
m,35,1,8,9,9,9
m,35,1,9,5,5,5
m,35,1,10,11,11,11
m,35,1,11,7,7,7
m,35,1,12,2,2,2
m,35,1,13,14,14,14
m,35,1,14,3,3,3
m,35,1,15,5,5,5
m,35,1,16,8,8,8
m,35,1,17,10,10,10
m,35,1,18,3,3,3
m,35,1,19,3,3,3
m,35,1,20,5,5,5
m,35,1,21,9,9,9
m,35,1,22,9,9,9
m,35,1,23,10,10,10
m,35,1,24,9,9,9
m,35,1,25,4,4,4
m,35,1,26,4,4,4
m,35,1,27,8,8,8
m,35,1,28,1,1,1
m,35,1,30,6,6,6
m,35,1,31,2,2,2
m,35,1,32,12,12,12
m,35,1,33,3,3,3
m,35,1,34,15,15,15
m,35,1,35,2234,2234,2234
m,35,2,1,2,2,2
m,35,2,2,6,6,6
m,35,2,3,1,1,1
m,35,2,4,10,10,10
m,35,2,5,8,8,8
m,35,2,6,6,6,6
m,35,2,7,5,5,5
m,35,2,8,5,5,5
m,35,2,9,13,13,13
m,35,2,10,6,6,6
m,35,2,11,6,6,6
m,35,2,12,7,7,7
m,35,2,13,6,6,6
m,35,2,14,6,6,6
m,35,2,15,4,4,4
m,35,2,16,9,9,9
m,35,2,17,7,7,7
m,35,2,18,11,11,11
m,35,2,19,4,4,4
m,35,2,20,5,5,5
m,35,2,21,7,7,7
m,35,2,22,4,4,4
m,35,2,23,7,7,7
m,35,2,24,5,5,5
m,35,2,25,5,5,5
m,35,2,26,4,4,4
m,35,2,27,7,7,7
m,35,2,28,3,3,3
m,35,2,29,6,6,6
m,35,2,30,8,8,8
m,35,2,31,8,8,8
m,35,2,32,9,9,9
m,35,2,33,4,4,4
m,35,2,34,17,17,17
m,35,2,35,2397,2397,2397
m,35,3,1,1,1,1
m,35,3,2,6,6,6
m,35,3,3,3,3,3
m,35,3,4,10,10,10
m,35,3,5,8,8,8
m,35,3,7,7,7,7
m,35,3,8,11,11,11
m,35,3,9,8,8,8
m,35,3,10,5,5,5
m,35,3,11,9,9,9
m,35,3,12,4,4,4
m,35,3,13,8,8,8
m,35,3,14,6,6,6
m,35,3,15,3,3,3
m,35,3,16,6,6,6
m,35,3,17,12,12,12
m,35,3,18,3,3,3
m,35,3,19,11,11,11
m,35,3,20,6,6,6
m,35,3,21,5,5,5
m,35,3,22,5,5,5
m,35,3,23,5,5,5
m,35,3,24,8,8,8
m,35,3,25,6,6,6
m,35,3,26,6,6,6
m,35,3,27,9,9,9
m,35,3,28,4,4,4
m,35,3,29,4,4,4
m,35,3,30,9,9,9
m,35,3,31,7,7,7
m,35,3,32,6,6,6
m,35,3,33,8,8,8
m,35,3,34,19,19,19
m,35,3,35,2232,2232,2232
m,35,4,2,1,1,1
m,35,4,3,5,5,5
m,35,4,4,15,15,15
m,35,4,5,3,3,3
m,35,4,6,1,1,1
m,35,4,7,7,7,7
m,35,4,8,13,13,13
m,35,4,9,5,5,5
m,35,4,10,12,12,12
m,35,4,11,5,5,5
m,35,4,12,7,7,7
m,35,4,13,7,7,7
m,35,4,14,9,9,9
m,35,4,15,7,7,7
m,35,4,16,10,10,10
m,35,4,17,9,9,9
m,35,4,18,7,7,7
m,35,4,19,8,8,8
m,35,4,20,5,5,5
m,35,4,21,6,6,6
m,35,4,22,11,11,11
m,35,4,23,6,6,6
m,35,4,24,7,7,7
m,35,4,25,3,3,3
m,35,4,26,1,1,1
m,35,4,27,5,5,5
m,35,4,28,2,2,2
m,35,4,29,6,6,6
m,35,4,30,7,7,7
m,35,4,31,7,7,7
m,35,4,32,11,11,11
m,35,4,33,7,7,7
m,35,4,34,32,32,32
m,35,4,35,2322,2322,2322
m,35,5,2,8,8,8
m,35,5,3,3,3,3
m,35,5,4,11,11,11
m,35,5,5,5,5,5
m,35,5,6,7,7,7
m,35,5,7,7,7,7
m,35,5,8,7,7,7
m,35,5,9,5,5,5
m,35,5,10,6,6,6
m,35,5,11,6,6,6
m,35,5,12,4,4,4
m,35,5,13,7,7,7
m,35,5,14,4,4,4
m,35,5,15,7,7,7
m,35,5,16,5,5,5
m,35,5,17,4,4,4
m,35,5,18,7,7,7
m,35,5,19,4,4,4
m,35,5,20,2,2,2
m,35,5,21,6,6,6
m,35,5,22,8,8,8
m,35,5,23,4,4,4
m,35,5,24,9,9,9
m,35,5,25,6,6,6
m,35,5,26,3,3,3
m,35,5,27,8,8,8
m,35,5,28,8,8,8
m,35,5,29,2,2,2
m,35,5,30,13,13,13
m,35,5,31,6,6,6
m,35,5,32,10,10,10
m,35,5,33,9,9,9
m,35,5,34,49,49,49
m,35,5,35,2288,2288,2288
m,35,6,1,1,1,1
m,35,6,2,5,5,5
m,35,6,3,5,5,5
m,35,6,4,7,7,7
m,35,6,5,2,2,2
m,35,6,6,1,1,1
m,35,6,7,3,3,3
m,35,6,8,8,8,8
m,35,6,9,5,5,5
m,35,6,10,7,7,7
m,35,6,11,6,6,6
m,35,6,12,3,3,3
m,35,6,13,11,11,11
m,35,6,14,9,9,9
m,35,6,15,11,11,11
m,35,6,16,9,9,9
m,35,6,17,11,11,11
m,35,6,18,4,4,4
m,35,6,19,8,8,8
m,35,6,20,5,5,5
m,35,6,21,12,12,12
m,35,6,22,5,5,5
m,35,6,23,9,9,9
m,35,6,24,6,6,6
m,35,6,25,2,2,2
m,35,6,26,4,4,4
m,35,6,27,8,8,8
m,35,6,28,6,6,6
m,35,6,29,7,7,7
m,35,6,30,7,7,7
m,35,6,31,8,8,8
m,35,6,32,9,9,9
m,35,6,33,5,5,5
m,35,6,34,42,42,42
m,35,6,35,2222,2222,2222
m,35,7,2,2,2,2
m,35,7,3,2,2,2
m,35,7,4,8,8,8
m,35,7,5,10,10,10
m,35,7,6,6,6,6
m,35,7,7,4,4,4
m,35,7,8,11,11,11
m,35,7,9,6,6,6
m,35,7,10,14,14,14
m,35,7,11,6,6,6
m,35,7,12,2,2,2
m,35,7,13,7,7,7
m,35,7,14,4,4,4
m,35,7,15,7,7,7
m,35,7,16,7,7,7
m,35,7,17,8,8,8
m,35,7,18,4,4,4
m,35,7,19,9,9,9
m,35,7,20,7,7,7
m,35,7,21,6,6,6
m,35,7,22,3,3,3
m,35,7,23,7,7,7
m,35,7,24,4,4,4
m,35,7,25,6,6,6
m,35,7,26,5,5,5
m,35,7,27,7,7,7
m,35,7,28,5,5,5
m,35,7,29,6,6,6
m,35,7,30,12,12,12
m,35,7,31,8,8,8
m,35,7,32,8,8,8
m,35,7,33,8,8,8
m,35,7,34,53,53,53
m,35,7,35,2280,2280,2280
m,35,8,1,2,2,2
m,35,8,2,5,5,5
m,35,8,3,4,4,4
m,35,8,4,11,11,11
m,35,8,5,3,3,3
m,35,8,6,4,4,4
m,35,8,7,4,4,4
m,35,8,8,11,11,11
m,35,8,9,5,5,5
m,35,8,10,7,7,7
m,35,8,11,11,11,11
m,35,8,12,9,9,9
m,35,8,13,8,8,8
m,35,8,14,4,4,4
m,35,8,15,8,8,8
m,35,8,16,7,7,7
m,35,8,17,8,8,8
m,35,8,18,7,7,7
m,35,8,19,2,2,2
m,35,8,20,4,4,4
m,35,8,21,1,1,1
m,35,8,22,8,8,8
m,35,8,23,9,9,9
m,35,8,24,6,6,6
m,35,8,25,9,9,9
m,35,8,26,8,8,8
m,35,8,27,5,5,5
m,35,8,28,7,7,7
m,35,8,29,7,7,7
m,35,8,30,10,10,10
m,35,8,31,9,9,9
m,35,8,32,14,14,14
m,35,8,33,14,14,14
m,35,8,34,52,52,52
m,35,8,35,2268,2268,2268
m,35,9,2,3,3,3
m,35,9,3,4,4,4
m,35,9,4,13,13,13
m,35,9,5,8,8,8
m,35,9,6,4,4,4
m,35,9,7,8,8,8
m,35,9,8,11,11,11
m,35,9,9,10,10,10
m,35,9,10,6,6,6
m,35,9,11,6,6,6
m,35,9,12,5,5,5
m,35,9,13,6,6,6
m,35,9,14,8,8,8
m,35,9,15,11,11,11
m,35,9,16,5,5,5
m,35,9,17,3,3,3
m,35,9,18,4,4,4
m,35,9,19,6,6,6
m,35,9,20,5,5,5
m,35,9,21,7,7,7
m,35,9,22,8,8,8
m,35,9,23,11,11,11
m,35,9,24,4,4,4
m,35,9,25,2,2,2
m,35,9,26,7,7,7
m,35,9,27,11,11,11
m,35,9,28,5,5,5
m,35,9,29,9,9,9
m,35,9,30,5,5,5
m,35,9,31,10,10,10
m,35,9,32,5,5,5
m,35,9,33,12,12,12
m,35,9,34,74,74,74
m,35,9,35,2105,2105,2105
m,35,10,1,1,1,1
m,35,10,2,6,6,6
m,35,10,3,3,3,3
m,35,10,4,12,12,12
m,35,10,5,13,13,13
m,35,10,6,5,5,5
m,35,10,7,4,4,4
m,35,10,8,7,7,7
m,35,10,9,7,7,7
m,35,10,10,11,11,11
m,35,10,11,6,6,6
m,35,10,12,7,7,7
m,35,10,13,4,4,4
m,35,10,14,6,6,6
m,35,10,15,5,5,5
m,35,10,16,5,5,5
m,35,10,17,7,7,7
m,35,10,18,5,5,5
m,35,10,19,8,8,8
m,35,10,20,11,11,11
m,35,10,21,6,6,6
m,35,10,22,3,3,3
m,35,10,23,4,4,4
m,35,10,24,9,9,9
m,35,10,25,8,8,8
m,35,10,26,7,7,7
m,35,10,27,11,11,11
m,35,10,28,4,4,4
m,35,10,29,11,11,11
m,35,10,30,6,6,6
m,35,10,31,9,9,9
m,35,10,32,10,10,10
m,35,10,33,13,13,13
m,35,10,34,77,77,77
m,35,10,35,2126,2126,2126
m,35,11,1,1,1,1
m,35,11,2,3,3,3
m,35,11,3,4,4,4
m,35,11,4,9,9,9
m,35,11,5,9,9,9
m,35,11,6,7,7,7
m,35,11,7,5,5,5
m,35,11,8,5,5,5
m,35,11,9,10,10,10
m,35,11,10,8,8,8
m,35,11,11,11,11,11
m,35,11,12,7,7,7
m,35,11,13,14,14,14
m,35,11,14,6,6,6
m,35,11,15,9,9,9
m,35,11,16,2,2,2
m,35,11,17,5,5,5
m,35,11,18,8,8,8
m,35,11,19,6,6,6
m,35,11,20,7,7,7
m,35,11,21,3,3,3
m,35,11,22,5,5,5
m,35,11,23,9,9,9
m,35,11,24,6,6,6
m,35,11,25,9,9,9
m,35,11,26,5,5,5
m,35,11,27,6,6,6
m,35,11,28,2,2,2
m,35,11,29,3,3,3
m,35,11,30,10,10,10
m,35,11,31,3,3,3
m,35,11,32,10,10,10
m,35,11,33,10,10,10
m,35,11,34,83,83,83
m,35,11,35,2122,2122,2122
m,35,12,2,2,2,2
m,35,12,3,2,2,2
m,35,12,4,12,12,12
m,35,12,5,9,9,9
m,35,12,6,4,4,4
m,35,12,7,10,10,10
m,35,12,8,9,9,9
m,35,12,9,6,6,6
m,35,12,10,9,9,9
m,35,12,11,7,7,7
m,35,12,12,4,4,4
m,35,12,13,4,4,4
m,35,12,14,6,6,6
m,35,12,15,14,14,14
m,35,12,16,7,7,7
m,35,12,17,6,6,6
m,35,12,18,12,12,12
m,35,12,19,2,2,2
m,35,12,20,6,6,6
m,35,12,21,4,4,4
m,35,12,22,3,3,3
m,35,12,23,7,7,7
m,35,12,24,6,6,6
m,35,12,25,4,4,4
m,35,12,26,10,10,10
m,35,12,27,7,7,7
m,35,12,28,11,11,11
m,35,12,29,5,5,5
m,35,12,30,6,6,6
m,35,12,31,10,10,10
m,35,12,32,20,20,20
m,35,12,33,16,16,16
m,35,12,34,81,81,81
m,35,12,35,2185,2185,2185
m,35,13,1,2,2,2
m,35,13,2,2,2,2
m,35,13,3,5,5,5
m,35,13,4,12,12,12
m,35,13,5,14,14,14
m,35,13,6,8,8,8
m,35,13,7,6,6,6
m,35,13,8,3,3,3
m,35,13,9,12,12,12
m,35,13,10,9,9,9
m,35,13,11,14,14,14
m,35,13,12,12,12,12
m,35,13,13,9,9,9
m,35,13,14,7,7,7
m,35,13,15,7,7,7
m,35,13,16,6,6,6
m,35,13,17,5,5,5
m,35,13,18,2,2,2
m,35,13,19,7,7,7
m,35,13,20,8,8,8
m,35,13,21,2,2,2
m,35,13,22,3,3,3
m,35,13,23,2,2,2
m,35,13,24,9,9,9
m,35,13,25,8,8,8
m,35,13,26,5,5,5
m,35,13,27,5,5,5
m,35,13,28,8,8,8
m,35,13,29,3,3,3
m,35,13,30,6,6,6
m,35,13,31,10,10,10
m,35,13,32,13,13,13
m,35,13,33,21,21,21
m,35,13,34,109,109,109
m,35,13,35,2178,2178,2178
m,35,14,1,3,3,3
m,35,14,2,3,3,3
m,35,14,3,5,5,5
m,35,14,4,21,21,21
m,35,14,5,9,9,9
m,35,14,6,9,9,9
m,35,14,7,10,10,10
m,35,14,8,5,5,5
m,35,14,9,9,9,9
m,35,14,10,9,9,9
m,35,14,11,11,11,11
m,35,14,12,4,4,4
m,35,14,13,7,7,7
m,35,14,14,6,6,6
m,35,14,15,9,9,9
m,35,14,16,3,3,3
m,35,14,17,13,13,13
m,35,14,18,10,10,10
m,35,14,19,8,8,8
m,35,14,20,9,9,9
m,35,14,21,7,7,7
m,35,14,22,9,9,9
m,35,14,23,8,8,8
m,35,14,24,11,11,11
m,35,14,25,4,4,4
m,35,14,26,8,8,8
m,35,14,27,7,7,7
m,35,14,28,10,10,10
m,35,14,29,7,7,7
m,35,14,30,6,6,6
m,35,14,31,8,8,8
m,35,14,32,18,18,18
m,35,14,33,22,22,22
m,35,14,34,95,95,95
m,35,14,35,2083,2083,2083
m,40,0,2,5,5,5
m,40,0,3,5,5,5
m,40,0,4,3,3,3
m,40,0,5,17,17,17
m,40,0,6,1,1,1
m,40,0,7,3,3,3
m,40,0,8,2,2,2
m,40,0,9,9,9,9
m,40,0,10,7,7,7
m,40,0,11,8,8,8
m,40,0,12,16,16,16
m,40,0,13,5,5,5
m,40,0,14,8,8,8
m,40,0,15,13,13,13
m,40,0,16,2,2,2
m,40,0,17,6,6,6
m,40,0,18,10,10,10
m,40,0,19,1,1,1
m,40,0,20,7,7,7
m,40,0,21,6,6,6
m,40,0,22,4,4,4
m,40,0,23,9,9,9
m,40,0,24,11,11,11
m,40,0,25,4,4,4
m,40,0,26,10,10,10
m,40,0,27,5,5,5
m,40,0,28,5,5,5
m,40,0,29,9,9,9
m,40,0,30,5,5,5
m,40,0,31,10,10,10
m,40,0,32,6,6,6
m,40,0,33,2,2,2
m,40,0,34,10,10,10
m,40,0,35,4,4,4
m,40,0,36,3,3,3
m,40,0,37,2,2,2
m,40,0,38,7,7,7
m,40,0,39,2261,2261,2261
m,40,1,2,3,3,3
m,40,1,3,2,2,2
m,40,1,4,8,8,8
m,40,1,5,9,9,9
m,40,1,6,6,6,6
m,40,1,8,8,8,8
m,40,1,9,5,5,5
m,40,1,10,7,7,7
m,40,1,11,8,8,8
m,40,1,12,6,6,6
m,40,1,13,5,5,5
m,40,1,14,8,8,8
m,40,1,15,4,4,4
m,40,1,16,5,5,5
m,40,1,17,12,12,12
m,40,1,18,6,6,6
m,40,1,19,5,5,5
m,40,1,20,6,6,6
m,40,1,21,7,7,7
m,40,1,22,6,6,6
m,40,1,23,7,7,7
m,40,1,24,6,6,6
m,40,1,25,4,4,4
m,40,1,26,6,6,6
m,40,1,27,3,3,3
m,40,1,28,2,2,2
m,40,1,29,12,12,12
m,40,1,30,8,8,8
m,40,1,31,9,9,9
m,40,1,32,6,6,6
m,40,1,33,2,2,2
m,40,1,34,9,9,9
m,40,1,35,4,4,4
m,40,1,36,9,9,9
m,40,1,37,7,7,7
m,40,1,38,17,17,17
m,40,1,39,2281,2281,2281
m,40,2,3,9,9,9
m,40,2,4,5,5,5
m,40,2,5,13,13,13
m,40,2,8,5,5,5
m,40,2,9,3,3,3
m,40,2,10,6,6,6
m,40,2,11,5,5,5
m,40,2,12,6,6,6
m,40,2,13,7,7,7
m,40,2,14,8,8,8
m,40,2,15,8,8,8
m,40,2,16,6,6,6
m,40,2,17,13,13,13
m,40,2,18,4,4,4
m,40,2,19,4,4,4
m,40,2,20,4,4,4
m,40,2,21,6,6,6
m,40,2,22,6,6,6
m,40,2,23,5,5,5
m,40,2,24,4,4,4
m,40,2,25,4,4,4
m,40,2,26,8,8,8
m,40,2,27,5,5,5
m,40,2,28,3,3,3
m,40,2,29,4,4,4
m,40,2,30,7,7,7
m,40,2,31,11,11,11
m,40,2,32,7,7,7
m,40,2,33,4,4,4
m,40,2,34,13,13,13
m,40,2,35,9,9,9
m,40,2,36,4,4,4
m,40,2,37,5,5,5
m,40,2,38,15,15,15
m,40,2,39,2268,2268,2268
m,40,3,2,3,3,3
m,40,3,3,5,5,5
m,40,3,4,5,5,5
m,40,3,5,10,10,10
m,40,3,6,3,3,3
m,40,3,7,3,3,3
m,40,3,8,5,5,5
m,40,3,9,4,4,4
m,40,3,10,7,7,7
m,40,3,11,14,14,14
m,40,3,12,12,12,12
m,40,3,13,4,4,4
m,40,3,14,9,9,9
m,40,3,15,6,6,6
m,40,3,16,2,2,2
m,40,3,17,13,13,13
m,40,3,18,8,8,8
m,40,3,19,7,7,7
m,40,3,20,8,8,8
m,40,3,21,5,5,5
m,40,3,22,4,4,4
m,40,3,23,3,3,3
m,40,3,24,5,5,5
m,40,3,25,3,3,3
m,40,3,26,6,6,6
m,40,3,27,7,7,7
m,40,3,28,6,6,6
m,40,3,29,6,6,6
m,40,3,30,3,3,3
m,40,3,31,7,7,7
m,40,3,32,3,3,3
m,40,3,33,4,4,4
m,40,3,34,16,16,16
m,40,3,35,6,6,6
m,40,3,36,8,8,8
m,40,3,37,6,6,6
m,40,3,38,18,18,18
m,40,3,39,2202,2202,2202
m,40,4,2,1,1,1
m,40,4,3,5,5,5
m,40,4,4,10,10,10
m,40,4,5,10,10,10
m,40,4,6,5,5,5
m,40,4,7,5,5,5
m,40,4,8,9,9,9
m,40,4,9,11,11,11
m,40,4,10,7,7,7
m,40,4,11,12,12,12
m,40,4,12,13,13,13
m,40,4,13,10,10,10
m,40,4,14,6,6,6
m,40,4,15,9,9,9
m,40,4,16,5,5,5
m,40,4,17,6,6,6
m,40,4,18,9,9,9
m,40,4,19,4,4,4
m,40,4,20,5,5,5
m,40,4,21,5,5,5
m,40,4,22,11,11,11
m,40,4,23,14,14,14
m,40,4,24,5,5,5
m,40,4,25,2,2,2
m,40,4,26,6,6,6
m,40,4,27,7,7,7
m,40,4,28,5,5,5
m,40,4,29,6,6,6
m,40,4,30,4,4,4
m,40,4,31,10,10,10
m,40,4,32,5,5,5
m,40,4,33,5,5,5
m,40,4,34,7,7,7
m,40,4,35,4,4,4
m,40,4,36,5,5,5
m,40,4,37,6,6,6
m,40,4,38,28,28,28
m,40,4,39,2242,2242,2242
m,40,5,2,1,1,1
m,40,5,3,4,4,4
m,40,5,4,8,8,8
m,40,5,5,17,17,17
m,40,5,6,6,6,6
m,40,5,7,1,1,1
m,40,5,8,8,8,8
m,40,5,9,6,6,6
m,40,5,10,2,2,2
m,40,5,11,6,6,6
m,40,5,12,7,7,7
m,40,5,13,10,10,10
m,40,5,14,4,4,4
m,40,5,15,5,5,5
m,40,5,16,5,5,5
m,40,5,17,11,11,11
m,40,5,18,5,5,5
m,40,5,19,8,8,8
m,40,5,20,5,5,5
m,40,5,21,3,3,3
m,40,5,22,6,6,6
m,40,5,23,5,5,5
m,40,5,24,7,7,7
m,40,5,25,9,9,9
m,40,5,26,5,5,5
m,40,5,27,5,5,5
m,40,5,28,2,2,2
m,40,5,29,2,2,2
m,40,5,30,6,6,6
m,40,5,31,7,7,7
m,40,5,32,6,6,6
m,40,5,33,3,3,3
m,40,5,34,11,11,11
m,40,5,35,10,10,10
m,40,5,36,10,10,10
m,40,5,37,9,9,9
m,40,5,38,37,37,37
m,40,5,39,2226,2226,2226
m,40,6,2,1,1,1
m,40,6,3,4,4,4
m,40,6,4,9,9,9
m,40,6,5,10,10,10
m,40,6,6,2,2,2
m,40,6,7,3,3,3
m,40,6,8,9,9,9
m,40,6,9,7,7,7
m,40,6,10,10,10,10
m,40,6,11,10,10,10
m,40,6,12,13,13,13
m,40,6,13,11,11,11
m,40,6,14,6,6,6
m,40,6,15,6,6,6
m,40,6,16,1,1,1
m,40,6,17,13,13,13
m,40,6,18,10,10,10
m,40,6,19,8,8,8
m,40,6,20,7,7,7
m,40,6,21,7,7,7
m,40,6,22,5,5,5
m,40,6,23,7,7,7
m,40,6,24,8,8,8
m,40,6,25,8,8,8
m,40,6,26,4,4,4
m,40,6,27,11,11,11
m,40,6,28,10,10,10
m,40,6,29,3,3,3
m,40,6,30,4,4,4
m,40,6,31,9,9,9
m,40,6,33,7,7,7
m,40,6,34,6,6,6
m,40,6,35,2,2,2
m,40,6,36,4,4,4
m,40,6,37,7,7,7
m,40,6,38,46,46,46
m,40,6,39,2206,2206,2206
m,40,7,2,1,1,1
m,40,7,3,3,3,3
m,40,7,4,7,7,7
m,40,7,5,15,15,15
m,40,7,6,5,5,5
m,40,7,7,7,7,7
m,40,7,8,4,4,4
m,40,7,9,8,8,8
m,40,7,10,10,10,10
m,40,7,11,7,7,7
m,40,7,12,8,8,8
m,40,7,13,10,10,10
m,40,7,14,5,5,5
m,40,7,15,5,5,5
m,40,7,16,3,3,3
m,40,7,17,8,8,8
m,40,7,18,3,3,3
m,40,7,19,14,14,14
m,40,7,20,4,4,4
m,40,7,21,6,6,6
m,40,7,22,12,12,12
m,40,7,23,7,7,7
m,40,7,24,8,8,8
m,40,7,25,14,14,14
m,40,7,26,3,3,3
m,40,7,27,7,7,7
m,40,7,28,9,9,9
m,40,7,29,3,3,3
m,40,7,30,10,10,10
m,40,7,31,7,7,7
m,40,7,32,4,4,4
m,40,7,33,3,3,3
m,40,7,34,10,10,10
m,40,7,35,4,4,4
m,40,7,36,4,4,4
m,40,7,37,7,7,7
m,40,7,38,54,54,54
m,40,7,39,2208,2208,2208
m,40,8,2,1,1,1
m,40,8,3,5,5,5
m,40,8,4,4,4,4
m,40,8,5,10,10,10
m,40,8,6,6,6,6
m,40,8,7,4,4,4
m,40,8,8,7,7,7
m,40,8,9,9,9,9
m,40,8,10,10,10,10
m,40,8,11,6,6,6
m,40,8,12,12,12,12
m,40,8,13,11,11,11
m,40,8,14,3,3,3
m,40,8,15,8,8,8
m,40,8,16,4,4,4
m,40,8,17,7,7,7
m,40,8,18,4,4,4
m,40,8,19,6,6,6
m,40,8,20,7,7,7
m,40,8,21,12,12,12
m,40,8,22,8,8,8
m,40,8,23,6,6,6
m,40,8,24,8,8,8
m,40,8,25,3,3,3
m,40,8,26,11,11,11
m,40,8,27,4,4,4
m,40,8,28,6,6,6
m,40,8,29,8,8,8
m,40,8,30,5,5,5
m,40,8,31,4,4,4
m,40,8,32,6,6,6
m,40,8,33,1,1,1
m,40,8,34,11,11,11
m,40,8,35,9,9,9
m,40,8,36,2,2,2
m,40,8,37,6,6,6
m,40,8,38,59,59,59
m,40,8,39,2172,2172,2172
m,40,9,1,1,1,1
m,40,9,2,2,2,2
m,40,9,3,4,4,4
m,40,9,4,7,7,7
m,40,9,5,18,18,18
m,40,9,6,6,6,6
m,40,9,7,7,7,7
m,40,9,8,9,9,9
m,40,9,9,11,11,11
m,40,9,10,5,5,5
m,40,9,11,6,6,6
m,40,9,12,14,14,14
m,40,9,13,6,6,6
m,40,9,14,9,9,9
m,40,9,15,7,7,7
m,40,9,16,7,7,7
m,40,9,17,11,11,11
m,40,9,18,8,8,8
m,40,9,19,4,4,4
m,40,9,20,5,5,5
m,40,9,21,2,2,2
m,40,9,22,8,8,8
m,40,9,23,6,6,6
m,40,9,24,3,3,3
m,40,9,25,5,5,5
m,40,9,26,6,6,6
m,40,9,27,1,1,1
m,40,9,28,2,2,2
m,40,9,29,5,5,5
m,40,9,30,1,1,1
m,40,9,31,4,4,4
m,40,9,32,8,8,8
m,40,9,33,2,2,2
m,40,9,34,6,6,6
m,40,9,35,5,5,5
m,40,9,36,4,4,4
m,40,9,37,6,6,6
m,40,9,38,65,65,65
m,40,9,39,2214,2214,2214
m,40,10,1,1,1,1
m,40,10,2,2,2,2
m,40,10,3,6,6,6
m,40,10,4,11,11,11
m,40,10,5,7,7,7
m,40,10,6,5,5,5
m,40,10,7,6,6,6
m,40,10,8,10,10,10
m,40,10,9,6,6,6
m,40,10,10,9,9,9
m,40,10,11,3,3,3
m,40,10,12,5,5,5
m,40,10,13,5,5,5
m,40,10,14,8,8,8
m,40,10,15,11,11,11
m,40,10,16,6,6,6
m,40,10,17,4,4,4
m,40,10,18,4,4,4
m,40,10,19,4,4,4
m,40,10,20,5,5,5
m,40,10,21,7,7,7
m,40,10,22,3,3,3
m,40,10,23,3,3,3
m,40,10,24,8,8,8
m,40,10,25,7,7,7
m,40,10,26,4,4,4
m,40,10,27,6,6,6
m,40,10,28,4,4,4
m,40,10,29,2,2,2
m,40,10,30,4,4,4
m,40,10,31,9,9,9
m,40,10,32,13,13,13
m,40,10,33,6,6,6
m,40,10,34,15,15,15
m,40,10,35,5,5,5
m,40,10,36,7,7,7
m,40,10,37,10,10,10
m,40,10,38,72,72,72
m,40,10,39,2168,2168,2168
m,40,11,1,1,1,1
m,40,11,2,2,2,2
m,40,11,3,5,5,5
m,40,11,4,11,11,11
m,40,11,5,14,14,14
m,40,11,6,6,6,6
m,40,11,7,4,4,4
m,40,11,8,4,4,4
m,40,11,9,10,10,10
m,40,11,10,3,3,3
m,40,11,11,6,6,6
m,40,11,12,7,7,7
m,40,11,13,5,5,5
m,40,11,14,8,8,8
m,40,11,15,4,4,4
m,40,11,16,3,3,3
m,40,11,17,8,8,8
m,40,11,18,10,10,10
m,40,11,19,8,8,8
m,40,11,20,9,9,9
m,40,11,21,7,7,7
m,40,11,22,7,7,7
m,40,11,23,7,7,7
m,40,11,24,5,5,5
m,40,11,25,3,3,3
m,40,11,26,1,1,1
m,40,11,27,4,4,4
m,40,11,28,9,9,9
m,40,11,29,9,9,9
m,40,11,30,1,1,1
m,40,11,31,7,7,7
m,40,11,32,4,4,4
m,40,11,33,2,2,2
m,40,11,34,10,10,10
m,40,11,35,8,8,8
m,40,11,36,13,13,13
m,40,11,37,11,11,11
m,40,11,38,87,87,87
m,40,11,39,2205,2205,2205
m,40,12,2,4,4,4
m,40,12,3,6,6,6
m,40,12,4,9,9,9
m,40,12,5,14,14,14
m,40,12,6,3,3,3
m,40,12,7,6,6,6
m,40,12,8,10,10,10
m,40,12,9,13,13,13
m,40,12,10,6,6,6
m,40,12,11,4,4,4
m,40,12,12,6,6,6
m,40,12,13,6,6,6
m,40,12,14,6,6,6
m,40,12,15,11,11,11
m,40,12,16,1,1,1
m,40,12,17,10,10,10
m,40,12,18,10,10,10
m,40,12,19,10,10,10
m,40,12,20,8,8,8
m,40,12,21,6,6,6
m,40,12,22,7,7,7
m,40,12,23,9,9,9
m,40,12,24,7,7,7
m,40,12,25,5,5,5
m,40,12,26,5,5,5
m,40,12,27,8,8,8
m,40,12,28,7,7,7
m,40,12,29,4,4,4
m,40,12,30,4,4,4
m,40,12,31,2,2,2
m,40,12,32,8,8,8
m,40,12,33,4,4,4
m,40,12,34,9,9,9
m,40,12,35,6,6,6
m,40,12,36,3,3,3
m,40,12,37,9,9,9
m,40,12,38,89,89,89
m,40,12,39,2204,2204,2204
m,40,13,1,2,2,2
m,40,13,2,3,3,3
m,40,13,3,4,4,4
m,40,13,4,11,11,11
m,40,13,5,13,13,13
m,40,13,6,8,8,8
m,40,13,7,9,9,9
m,40,13,8,8,8,8
m,40,13,9,9,9,9
m,40,13,10,9,9,9
m,40,13,11,9,9,9
m,40,13,12,11,11,11
m,40,13,13,9,9,9
m,40,13,14,9,9,9
m,40,13,15,10,10,10
m,40,13,16,4,4,4
m,40,13,17,6,6,6
m,40,13,18,1,1,1
m,40,13,19,5,5,5
m,40,13,20,4,4,4
m,40,13,21,5,5,5
m,40,13,22,2,2,2
m,40,13,23,7,7,7
m,40,13,24,8,8,8
m,40,13,25,7,7,7
m,40,13,26,10,10,10
m,40,13,27,6,6,6
m,40,13,28,6,6,6
m,40,13,29,8,8,8
m,40,13,30,5,5,5
m,40,13,31,4,4,4
m,40,13,32,6,6,6
m,40,13,33,5,5,5
m,40,13,34,18,18,18
m,40,13,35,9,9,9
m,40,13,36,6,6,6
m,40,13,37,9,9,9
m,40,13,38,100,100,100
m,40,13,39,2136,2136,2136
m,40,14,1,2,2,2
m,40,14,2,3,3,3
m,40,14,3,6,6,6
m,40,14,4,8,8,8
m,40,14,5,15,15,15
m,40,14,6,1,1,1
m,40,14,7,5,5,5
m,40,14,8,6,6,6
m,40,14,9,3,3,3
m,40,14,10,12,12,12
m,40,14,11,3,3,3
m,40,14,12,11,11,11
m,40,14,13,5,5,5
m,40,14,14,9,9,9
m,40,14,15,7,7,7
m,40,14,16,5,5,5
m,40,14,17,8,8,8
m,40,14,18,5,5,5
m,40,14,19,11,11,11
m,40,14,20,7,7,7
m,40,14,21,10,10,10
m,40,14,22,4,4,4
m,40,14,23,4,4,4
m,40,14,24,6,6,6
m,40,14,25,4,4,4
m,40,14,26,1,1,1
m,40,14,27,13,13,13
m,40,14,28,6,6,6
m,40,14,29,7,7,7
m,40,14,30,5,5,5
m,40,14,31,4,4,4
m,40,14,32,8,8,8
m,40,14,33,11,11,11
m,40,14,34,15,15,15
m,40,14,35,8,8,8
m,40,14,36,7,7,7
m,40,14,37,15,15,15
m,40,14,38,105,105,105
m,40,14,39,2162,2162,2162
m,40,15,1,2,2,2
m,40,15,2,6,6,6
m,40,15,3,3,3,3
m,40,15,4,12,12,12
m,40,15,5,22,22,22
m,40,15,6,11,11,11
m,40,15,7,6,6,6
m,40,15,8,3,3,3
m,40,15,9,8,8,8
m,40,15,10,8,8,8
m,40,15,11,4,4,4
m,40,15,12,9,9,9
m,40,15,13,3,3,3
m,40,15,14,6,6,6
m,40,15,15,7,7,7
m,40,15,16,12,12,12
m,40,15,17,7,7,7
m,40,15,18,6,6,6
m,40,15,19,7,7,7
m,40,15,20,7,7,7
m,40,15,21,4,4,4
m,40,15,22,4,4,4
m,40,15,23,7,7,7
m,40,15,24,9,9,9
m,40,15,25,5,5,5
m,40,15,26,7,7,7
m,40,15,27,6,6,6
m,40,15,28,5,5,5
m,40,15,29,8,8,8
m,40,15,30,7,7,7
m,40,15,31,8,8,8
m,40,15,32,6,6,6
m,40,15,33,12,12,12
m,40,15,34,15,15,15
m,40,15,35,5,5,5
m,40,15,36,14,14,14
m,40,15,37,12,12,12
m,40,15,38,106,106,106
m,40,15,39,2051,2051,2051
m,40,16,1,1,1,1
m,40,16,3,7,7,7
m,40,16,4,17,17,17
m,40,16,5,21,21,21
m,40,16,6,5,5,5
m,40,16,7,12,12,12
m,40,16,8,8,8,8
m,40,16,9,10,10,10
m,40,16,10,15,15,15
m,40,16,11,7,7,7
m,40,16,12,6,6,6
m,40,16,13,7,7,7
m,40,16,14,8,8,8
m,40,16,15,8,8,8
m,40,16,16,4,4,4
m,40,16,17,5,5,5
m,40,16,18,8,8,8
m,40,16,19,9,9,9
m,40,16,20,10,10,10
m,40,16,21,3,3,3
m,40,16,22,9,9,9
m,40,16,23,10,10,10
m,40,16,24,3,3,3
m,40,16,25,7,7,7
m,40,16,26,10,10,10
m,40,16,27,8,8,8
m,40,16,28,7,7,7
m,40,16,29,5,5,5
m,40,16,30,7,7,7
m,40,16,31,6,6,6
m,40,16,32,6,6,6
m,40,16,33,9,9,9
m,40,16,34,24,24,24
m,40,16,35,4,4,4
m,40,16,36,6,6,6
m,40,16,37,20,20,20
m,40,16,38,119,119,119
m,40,16,39,2097,2097,2097
